id,name,category,subcategory,laterality,bodyweightRatio,equipmentOptions,positionOptions,dumbbellMode,type,equipment,videoUrl,notes
squat_barbell,Приседания,Ноги,Квадрицепс,bilateral,,barbell|dumbbell|kettlebell|bodyweight,стоя,,Сила,Штанга,,Базовое упражнение
squat_goblet,Приседания гоблет,Ноги,Квадрицепс,bilateral,,dumbbell|kettlebell,стоя,single,Сила,Гантели,,1 гантель у груди
squat_smith,Приседания в Смите,Ноги,Квадрицепс,bilateral,,,стоя,,Сила,Тренажёр,,Фиксированная траектория
squat_hack,Гакк-приседания,Ноги,Квадрицепс,bilateral,,,стоя|в тренажере,,Сила,Тренажёр,,
squat_lever,Приседания в рычажном тренажёре,Ноги,Квадрицепс,bilateral,,,стоя|в тренажере,,Сила,Тренажёр,,
squat_front,Фронтальные приседания,Ноги,Квадрицепс,bilateral,,barbell,стоя,,Сила,Штанга,,Акцент на квадрицепс
squat_bodyweight,Приседания без веса,Ноги,Квадрицепс,bilateral,0.7,,стоя,,Сила,Своё тело,,С весом тела
leg_press,Жим ногами,Ноги,Квадрицепс,bilateral,,,сидя|лёжа|в тренажере,,Сила,Тренажёр,,
leg_press_single,Жим ногами одной ногой,Ноги,Квадрицепс,alwaysUnilateral,,,сидя|лёжа|в тренажере,,Сила,Тренажёр,,Унилатеральное
leg_extension,Разгибания ног,Ноги,Квадрицепс,canBeUnilateral,,,сидя|в тренажере,,Сила,Тренажёр,,Изоляция
leg_curl_lying,Сгибания ног лёжа,Ноги,Бицепс бедра,canBeUnilateral,,,лёжа|в тренажере,,Сила,Тренажёр,,
leg_curl_seated,Сгибания ног сидя,Ноги,Бицепс бедра,canBeUnilateral,,,сидя|в тренажере,,Сила,Тренажёр,,
lunges_barbell,Выпады со штангой,Ноги,Квадрицепс,alwaysUnilateral,0.5,barbell,стоя|шагающие,,Сила,Штанга,,Поочерёдно
lunges_db,Выпады с гантелями,Ноги,Квадрицепс,alwaysUnilateral,0.5,dumbbell,стоя|шагающие,pair,Сила,Гантели,,2 гантели в руках
lunges_walking,Выпады в движении,Ноги,Квадрицепс,alwaysUnilateral,0.5,dumbbell|bodyweight,стоя|шагающие,pair,Сила,Гантели,,Поочерёдно
lunges_bodyweight,Выпады без веса,Ноги,Квадрицепс,alwaysUnilateral,0.5,,стоя|шагающие,,Сила,Своё тело,,С весом тела
bulgarian_split,Болгарские выпады,Ноги,Квадрицепс,alwaysUnilateral,0.5,dumbbell|barbell|bodyweight,стоя|с упором,pair,Сила,Гантели,,2 гантели
step_up,Зашагивания на платформу,Ноги,Квадрицепс,alwaysUnilateral,0.5,dumbbell|barbell|bodyweight,стоя,pair,Сила,Гантели,,2 гантели
rdl_barbell,Румынская тяга,Ноги,Бицепс бедра,bilateral,,barbell|dumbbell,стоя,,Сила,Штанга,,
rdl_db,Румынская тяга с гантелями,Ноги,Бицепс бедра,bilateral,,dumbbell,стоя,pair,Сила,Гантели,,2 гантели
rdl_single_leg,Румынская тяга на одной ноге,Ноги,Бицепс бедра,alwaysUnilateral,0.5,dumbbell|kettlebell,стоя,single,Сила,Гантели,,1 гантель
deadlift,Становая тяга классика,Ноги,Бицепс бедра,bilateral,,barbell,стоя,,Сила,Штанга,,Базовое
deadlift_sumo,Становая тяга сумо,Ноги,Бицепс бедра,bilateral,,barbell,стоя,,Сила,Штанга,,
calf_standing,Подъём на носки стоя,Ноги,Икры,canBeUnilateral,0.7,,стоя|в тренажере,,Сила,Тренажёр,,
calf_seated,Подъём на носки сидя,Ноги,Икры,bilateral,,,сидя|в тренажере,,Сила,Тренажёр,,
calf_bodyweight,Подъём на носки без веса,Ноги,Икры,canBeUnilateral,0.7,,стоя,,Сила,Своё тело,,С весом тела
hip_thrust,Ягодичный мост,Ноги,Ягодицы,canBeUnilateral,,barbell|dumbbell|bodyweight,лёжа|на скамье,,Сила,Штанга,,
hip_thrust_single,Ягодичный мост одной ногой,Ноги,Ягодицы,alwaysUnilateral,0.5,,лёжа|на скамье,,Сила,Своё тело,,Унилатеральное
bench_press,Жим лёжа,Грудь,Большая грудная,bilateral,,barbell,лёжа|на скамье,,Сила,Штанга,,Базовое
bench_press_incline,Жим лёжа наклонный,Грудь,Верх груди,bilateral,,barbell|dumbbell,лёжа|на наклонной,,Сила,Штанга,,
bench_press_decline,Жим лёжа с наклоном вниз,Грудь,Низ груди,bilateral,,barbell,лёжа|на скамье,,Сила,Штанга,,
bench_db,Жим гантелей лёжа,Грудь,Большая грудная,canBeUnilateral,,dumbbell,лёжа|на скамье,pair,Сила,Гантели,,2 гантели
bench_db_incline,Жим гантелей наклонный,Грудь,Верх груди,canBeUnilateral,,dumbbell,лёжа|на наклонной,pair,Сила,Гантели,,2 гантели
bench_db_decline,Жим гантелей с наклоном вниз,Грудь,Низ груди,bilateral,,dumbbell,лёжа|на скамье,pair,Сила,Гантели,,2 гантели
bench_smith,Жим в Смите,Грудь,Большая грудная,bilateral,,,лёжа|на скамье,,Сила,Тренажёр,,
fly_db,Разводка гантелей,Грудь,Большая грудная,bilateral,,dumbbell,лёжа|на скамье|на наклонной,pair,Сила,Гантели,,2 гантели
fly_cable,Сведение в кроссовере,Грудь,Большая грудная,canBeUnilateral,,,стоя|в наклоне,,Сила,Блок,,
chest_press_machine,Жим в тренажёре,Грудь,Большая грудная,canBeUnilateral,,,сидя|в тренажере,,Сила,Тренажёр,,
pec_deck,Бабочка,Грудь,Большая грудная,bilateral,,,сидя|в тренажере,,Сила,Тренажёр,,Изоляция
dips_chest,Отжимания на брусьях (грудь),Грудь,Большая грудная,bilateral,1.0,,в упоре,,Сила,Своё тело,,Наклон вперёд
pushups,Отжимания от пола,Грудь,Большая грудная,bilateral,0.65,,лёжа|в упоре,,Сила,Своё тело,,С весом тела
pushups_weighted,Отжимания с доп. весом,Грудь,Большая грудная,bilateral,0.65,,лёжа|в упоре,,Сила,Своё тело,,С дополнительным весом
pullups,Подтягивания,Спина,Широчайшие,bilateral,1.0,,в висе,,Сила,Своё тело,,Базовое
pullups_weighted,Подтягивания с доп. весом,Спина,Широчайшие,bilateral,1.0,,в висе,,Сила,Своё тело,,С дополнительным весом
pullups_wide,Подтягивания широким хватом,Спина,Широчайшие,bilateral,1.0,,в висе,,Сила,Своё тело,,
pullups_neutral,Подтягивания нейтральным хватом,Спина,Широчайшие,bilateral,1.0,,в висе,,Сила,Своё тело,,
chinups,Подтягивания обратным хватом,Спина,Широчайшие,bilateral,1.0,,в висе,,Сила,Своё тело,,Акцент бицепс
lat_pulldown,Тяга верхнего блока,Спина,Широчайшие,canBeUnilateral,,,сидя,,Сила,Блок,,
lat_pulldown_close,Тяга верхнего блока узким хватом,Спина,Широчайшие,bilateral,,,сидя,,Сила,Блок,,
lat_pulldown_single,Тяга верхнего блока одной рукой,Спина,Широчайшие,alwaysUnilateral,,,сидя,,Сила,Блок,,Унилатеральное
row_barbell,Тяга штанги в наклоне,Спина,Широчайшие,bilateral,,barbell,в наклоне|стоя,,Сила,Штанга,,Базовое
row_db,Тяга гантели в наклоне,Спина,Широчайшие,alwaysUnilateral,,dumbbell,в наклоне|с упором,single,Сила,Гантели,,1 гантель
row_db_both,Тяга гантелей в наклоне,Спина,Широчайшие,bilateral,,dumbbell,в наклоне,pair,Сила,Гантели,,2 гантели
row_cable_seated,Тяга нижнего блока,Спина,Широчайшие,canBeUnilateral,,,сидя,,Сила,Блок,,
row_cable_single,Тяга нижнего блока одной рукой,Спина,Широчайшие,alwaysUnilateral,,,сидя|стоя,,Сила,Блок,,Унилатеральное
row_machine,Тяга в рычажном тренажёре,Спина,Широчайшие,canBeUnilateral,,,сидя|в тренажере,,Сила,Тренажёр,,
row_tbar,Тяга Т-грифа,Спина,Широчайшие,bilateral,,,в наклоне|стоя,,Сила,Штанга,,
pullover_db,Пуловер с гантелей,Спина,Широчайшие,bilateral,,dumbbell,лёжа|на скамье,single,Сила,Гантели,,1 гантель
pullover_cable,Пуловер в блоке,Спина,Широчайшие,bilateral,,,стоя,,Сила,Блок,,
hyperextension,Гиперэкстензия,Спина,Разгибатели,bilateral,0.6,,лёжа|на скамье,,Сила,Своё тело,,С весом тела
hyperextension_weighted,Гиперэкстензия с весом,Спина,Разгибатели,bilateral,0.6,dumbbell|plate,лёжа|на скамье,,Сила,Своё тело,,С дополнительным весом
reverse_hyper,Обратная гиперэкстензия,Спина,Разгибатели,bilateral,0.4,,лёжа|в тренажере,,Сила,Тренажёр,,
face_pull,Тяга к лицу,Спина,Задние дельты,bilateral,,,стоя,,Сила,Блок,,
shrugs_barbell,Шраги со штангой,Спина,Трапеция,bilateral,,barbell,стоя,,Сила,Штанга,,
shrugs_db,Шраги с гантелями,Спина,Трапеция,bilateral,,dumbbell,стоя,pair,Сила,Гантели,,2 гантели
ohp_barbell,Жим штанги стоя,Плечи,Передние дельты,bilateral,,barbell,стоя,,Сила,Штанга,,Базовое
ohp_db,Жим гантелей сидя,Плечи,Передние дельты,canBeUnilateral,,dumbbell,сидя|стоя,pair,Сила,Гантели,,2 гантели
ohp_db_single,Жим гантели одной рукой,Плечи,Передние дельты,alwaysUnilateral,,dumbbell,сидя|стоя,single,Сила,Гантели,,1 гантель
ohp_smith,Жим в Смите сидя,Плечи,Передние дельты,bilateral,,,сидя|в тренажере,,Сила,Тренажёр,,
lateral_raise,Махи гантелями в стороны,Плечи,Средние дельты,canBeUnilateral,,dumbbell,стоя|сидя,pair,Сила,Гантели,,2 гантели
lateral_raise_cable,Махи в стороны в блоке,Плечи,Средние дельты,canBeUnilateral,,,стоя,,Сила,Блок,,
front_raise,Подъём гантелей перед собой,Плечи,Передние дельты,canBeUnilateral,,dumbbell,стоя|сидя,pair,Сила,Гантели,,2 гантели
rear_delt_fly,Разводка на задние дельты,Плечи,Задние дельты,bilateral,,dumbbell,в наклоне|сидя,pair,Сила,Гантели,,2 гантели
rear_delt_cable,Отведение на заднюю дельту с тросом,Плечи,Задние дельты,canBeUnilateral,,,стоя|в наклоне,,Сила,Блок,,
rear_delt_machine,Обратная бабочка,Плечи,Задние дельты,bilateral,,,сидя|в тренажере,,Сила,Тренажёр,,
upright_row,Тяга к подбородку,Плечи,Средние дельты,bilateral,,barbell|dumbbell,стоя,,Сила,Штанга,,
bicep_curl_barbell,Подъём штанги на бицепс,Руки,Бицепс,bilateral,,barbell|ez_bar,стоя,,Сила,Штанга,,
bicep_curl_db,Подъём гантелей на бицепс,Руки,Бицепс,canBeUnilateral,,dumbbell,стоя|сидя,pair,Сила,Гантели,,2 гантели
bicep_curl_hammer,Молотки,Руки,Бицепс,canBeUnilateral,,dumbbell,стоя|сидя,pair,Сила,Гантели,,2 гантели
bicep_curl_cable,Сгибания в блоке,Руки,Бицепс,canBeUnilateral,,,стоя,,Сила,Блок,,
bicep_curl_preacher,Сгибания на скамье Скотта,Руки,Бицепс,canBeUnilateral,,barbell|dumbbell,сидя|на скамье,single,Сила,Штанга,,1 гантель
bicep_curl_incline,Сгибания на наклонной скамье,Руки,Бицепс,canBeUnilateral,,dumbbell,сидя|на наклонной,pair,Сила,Гантели,,2 гантели
bicep_curl_concentration,Концентрированные сгибания,Руки,Бицепс,alwaysUnilateral,,dumbbell,сидя,single,Сила,Гантели,,1 гантель
tricep_pushdown,Разгибания на блоке,Руки,Трицепс,canBeUnilateral,,,стоя,,Сила,Блок,,
tricep_pushdown_rope,Разгибания с канатом,Руки,Трицепс,bilateral,,,стоя,,Сила,Блок,,
tricep_overhead,Французский жим,Руки,Трицепс,bilateral,,barbell|dumbbell,сидя|стоя|лёжа,,Сила,Штанга,,
tricep_overhead_db,Разгибания гантели за головой,Руки,Трицепс,canBeUnilateral,,dumbbell,сидя|стоя,single,Сила,Гантели,,1 гантель
tricep_kickback,Отведение гантели назад,Руки,Трицепс,alwaysUnilateral,,dumbbell,в наклоне|с упором,single,Сила,Гантели,,1 гантель
tricep_dips,Обратные отжимания,Руки,Трицепс,bilateral,0.7,,в упоре,,Сила,Своё тело,,С весом тела
dips_tricep,Отжимания на брусьях (трицепс),Руки,Трицепс,bilateral,1.0,,в упоре,,Сила,Своё тело,,Вертикально
skullcrusher,Французский жим лёжа,Руки,Трицепс,bilateral,,barbell|dumbbell,лёжа|на скамье,,Сила,Штанга,,
close_grip_bench,Жим лёжа узким хватом,Руки,Трицепс,bilateral,,barbell,лёжа|на скамье,,Сила,Штанга,,
wrist_curl,Сгибания запястий,Руки,Предплечья,bilateral,,dumbbell|barbell,сидя,,Сила,Гантели,,
wrist_extension,Разгибания запястий,Руки,Предплечья,bilateral,,dumbbell,сидя,,Сила,Гантели,,
plank,Планка,Корпус,Пресс,bilateral,0.5,,лёжа|в упоре,,Сила,Своё тело,,Время
plank_side,Боковая планка,Корпус,Косые,alwaysUnilateral,0.3,,лёжа|в упоре,,Сила,Своё тело,,Время
crunch,Скручивания,Корпус,Пресс,bilateral,0.3,,лёжа,,Сила,Своё тело,,
crunch_cable,Скручивания в блоке,Корпус,Пресс,bilateral,,,стоя|на коленях,,Сила,Блок,,
crunch_machine,Скручивания в тренажёре,Корпус,Пресс,bilateral,,,сидя|в тренажере,,Сила,Тренажёр,,
leg_raise_hanging,Подъём ног в висе,Корпус,Пресс,bilateral,0.4,,в висе,,Сила,Своё тело,,С весом тела
leg_raise_lying,Подъём ног лёжа,Корпус,Пресс,bilateral,0.3,,лёжа,,Сила,Своё тело,,
russian_twist,Русский твист,Корпус,Косые,bilateral,0.3,,сидя,,Сила,Своё тело,,
ab_wheel,Ролик для пресса,Корпус,Пресс,bilateral,0.5,,на коленях,,Сила,Другое,,
woodchop,Дровосек,Корпус,Косые,alwaysUnilateral,,,стоя,,Сила,Блок,,
roman_bench_crunches,Скручивания на римской скамье,Корпус,Пресс,bilateral,0.5,,лёжа|на скамье,,Сила,Скамья,,Базовое
deadbug,Мёртвый жук,Корпус,Пресс,bilateral,,,лёжа,,ЛФК,Своё тело,,Стабилизация
bird_dog,Птица-собака,Корпус,Разгибатели,alwaysUnilateral,,,на коленях,,ЛФК,Своё тело,,Стабилизация
breathing_360,Дыхание 360,Корпус,Диафрагма,bilateral,,,лёжа|сидя,,ЛФК,—,,Диафрагмальное
breathing_bracing,Брюшной бандаж,Корпус,Пресс,bilateral,,,лёжа|стоя,,ЛФК,—,,Внутрибрюшное давление
cat_cow,Кошка-корова,Корпус,Позвоночник,bilateral,,,на коленях,,ЛФК,Своё тело,,Мобильность
pallof_press,Pallof Press,Корпус,Косые,alwaysUnilateral,,,стоя|на коленях,,Сила,Блок,,Антиротация
burpee,Бёрпи,Всё тело,—,bilateral,0.8,,стоя,,Кардио,Своё тело,,
jumping_jack,Джампинг Джек,Всё тело,—,bilateral,0.3,,стоя,,Кардио,Своё тело,,
mountain_climber,Скалолаз,Всё тело,—,bilateral,0.5,,в упоре,,Кардио,Своё тело,,
box_jump,Запрыгивания на тумбу,Ноги,Квадрицепс,bilateral,0.8,,стоя,,Кардио,Другое,,Плиометрика
jump_squat,Приседания с выпрыгиванием,Ноги,Квадрицепс,bilateral,0.8,,стоя,,Кардио,Своё тело,,Плиометрика
battle_ropes,Канаты,Всё тело,—,bilateral,,,стоя,,Кардио,Другое,,
rowing_machine,Гребной тренажёр,Всё тело,—,bilateral,,,сидя,,Кардио,Тренажёр,,
bike_assault,Assault Bike,Всё тело,—,bilateral,,,сидя,,Кардио,Тренажёр,,
treadmill,Беговая дорожка,Всё тело,—,bilateral,,,стоя,,Кардио,Тренажёр,,
elliptical,Эллиптический тренажёр,Всё тело,—,bilateral,,,стоя,,Кардио,Тренажёр,,
warmup_general,Общая разминка,Всё тело,—,bilateral,,,стоя,,Разминка,—,,5-10 минут
warmup_joints,Суставная разминка,Всё тело,—,bilateral,,,стоя,,Разминка,—,,Круговые движения
hyperextension_legs,Гиперэкстензия ноги,Ноги,Бицепс бедра,bilateral,0.6,,лёжа|на скамье,,Сила,Скамья,,
vertikalnaya_tyaga_v_rychazhno,Вертикальная тяга в рычажном тренажёре,Спина,Широчайшие,canBeUnilateral,,,сидя|в тренажере,,Сила,Тренажёр,,
podtyagivanie_dxod,Подтягивание дход,Спина,Широчайшие,bilateral,1.0,,в висе,,Сила,Своё тело,,
